{
    "dtype": "compas_fab.robots/Configuration", 
    "value": {
        "joint_names": [
            "bridge1_joint_EA_X", 
            "robot11_joint_EA_Y", 
            "robot11_joint_EA_Z", 
            "robot11_joint_1", 
            "robot11_joint_2", 
            "robot11_joint_3", 
            "robot11_joint_4", 
            "robot11_joint_5", 
            "robot11_joint_6"
        ], 
        "types": [
            2, 
            2, 
            2, 
            0, 
            0, 
            0, 
            0, 
            0, 
            0
        ], 
        "values": [
            22.243402344, 
            -5.9511972660000003, 
            -2.9123759769999999, 
            -1.3467562996046036, 
            -0.53404605470134914, 
            -0.0052588864757691549, 
            1.4485255407171818, 
            1.3823000519945159, 
            2.1164428869025511
        ]
    }
}