{
    "dtype": "compas_fab.robots/Configuration", 
    "value": {
        "joint_names": [
            "bridge1_joint_EA_X", 
            "robot11_joint_EA_Y", 
            "robot11_joint_EA_Z", 
            "robot11_joint_1", 
            "robot11_joint_2", 
            "robot11_joint_3", 
            "robot11_joint_4", 
            "robot11_joint_5", 
            "robot11_joint_6"
        ], 
        "types": [
            2, 
            2, 
            2, 
            0, 
            0, 
            0, 
            0, 
            0, 
            0
        ], 
        "values": [
            21.399999999999999, 
            -3.746, 
            -3.6200000000000001, 
            -0.52359877559829882, 
            -0.52359877559829882, 
            0.0, 
            0.0, 
            0.52359877559829882, 
            0.0
        ]
    }
}